-- phpMyAdmin SQL Dump
-- version 5.2.0
-- https://www.phpmyadmin.net/
--
-- Host: 127.0.0.1:4306
-- Generation Time: Mar 25, 2023 at 10:06 PM
-- Server version: 10.4.27-MariaDB
-- PHP Version: 8.2.0

SET SQL_MODE = "NO_AUTO_VALUE_ON_ZERO";
START TRANSACTION;
SET time_zone = "+00:00";


/*!40101 SET @OLD_CHARACTER_SET_CLIENT=@@CHARACTER_SET_CLIENT */;
/*!40101 SET @OLD_CHARACTER_SET_RESULTS=@@CHARACTER_SET_RESULTS */;
/*!40101 SET @OLD_COLLATION_CONNECTION=@@COLLATION_CONNECTION */;
/*!40101 SET NAMES utf8mb4 */;

--
-- Database: `papaioannou`
--

-- --------------------------------------------------------

--
-- Table structure for table `announcement`
--

CREATE TABLE `announcement` (
  `id` int(11) NOT NULL,
  `entry_date` date DEFAULT NULL,
  `title` mediumtext NOT NULL,
  `text` longtext DEFAULT NULL,
  `img_path` longtext DEFAULT NULL,
  `source` longtext DEFAULT NULL
) ENGINE=InnoDB DEFAULT CHARSET=utf8mb4 COLLATE=utf8mb4_general_ci;

--
-- Dumping data for table `announcement`
--

INSERT INTO `announcement` (`id`, `entry_date`, `title`, `text`, `img_path`, `source`) VALUES
(5, '2022-12-06', 'Η κρατική κερδοσκοπία στα καύσιμα', 'Μήπως είναι η ώρα να μειωθούν οι φόροι;\r\n            Τέσσερις παρεμβάσεις στην αγορά των υγρών καυσίμων έχει επιχειρήσει την τελευταία 15ετία η Επιτροπή\r\n            Ανταγωνισμού με το αποτέλεσμα, όπως παραδέχεται σε ανακοίνωσή της για την εκκίνηση της πέμπτης\r\n            παρέμβασης της,\r\n            να είναι το ίδιο: Η Ελλάδα συγκαταλέγεται ανάμεσα στις ακριβότερες ευρωπαϊκές χώρες στην αμόλυβδη\r\n            βενζίνη και\r\n            το πετρέλαιο κίνησης.\r\n\r\n            Αν και δουλειά της ανεξάρτητης διοικητικής αρχής δεν είναι η ευθεία παρέμβαση στις τιμές πώλησης των\r\n            προϊόντων,\r\n            εντούτοις κάνει τη συγκεκριμένη επισήμανση στην ανακοίνωση, η οποία ειρήσθω εν παρόδω βγήκε στον\r\n            ιστότοπο της Σαββατιάτικα…\r\n\r\n            Η Επιτροπή ανακαλύπτει επίσης για πέμπτη συνεχόμενη φορά πως στον κλάδο της διύλισης υπάρχει υψηλός\r\n            βαθμός συγκέντρωσης\r\n            ανταγωνισμού… Κάτι που πράγματι ισχύει αφού η Ελλάδα είναι μια σταλιά… χώρα η οποία με το ζόρι χωράει\r\n            δύο διυλιστήρια…\r\n\r\n            Διαπιστώνει επίσης ότι ναι μεν υπάρχουν 5.000 πρατήρια και είναι πολλά για τη λειτουργία του\r\n            ανταγωνισμού, ωστόσο, προσθέτει\r\n            ότι θα πρέπει να διερευνηθεί ο τοπικός ανταγωνισμός…. Δηλαδή ότι τα πρατήρια π.χ. σε ένα νησί\r\n            συνεννοούνται μεταξύ τους για τις τιμές…\r\n\r\n            Όπως και να χει η ανεξάρτητη διοικητική αρχή καταλήγει όπως και σε προηγούμενες παρεμβάσεις της, και πιο\r\n            συγκεκριμένα σε εκείνες του\r\n            2007 και 2008, στα ίδια συμπεράσματα…\r\n            Και αυτό δείχνει είτε ότι η Επιτροπή δεν κάνει καλά τη δουλειά της είτε ότι δεν είναι αυτά τα αίτια για\r\n            τα οποία οι τιμές διατηρούνται υψηλά.\r\n\r\n            Υπάρχει, όμως, μια μεγάλη αλήθεια που αφενός τη φωνάζει ο κλάδος των πετρελαιοειδών και επιπλέον την\r\n            έχουν εμπεδώσει για τα καλά και οι οδηγοί Ι.Χ.\r\n            και επαγγελματικών οχημάτων: Η κρατική κερδοσκοπία στα καύσιμα. Ο Ειδικός Φόρος Κατανάλωσης και τα\r\n            υπόλοιπα δημόσια τέλη κλπ. αντιστοιχούν σχεδόν στο 60%\r\n            της τελικής τιμής του προϊόντος. Άρα οι φόροι είναι που επηρεάζουν και καθορίζουν το ύψος της τιμής των\r\n            καυσίμων και συνεπώς και την ανταγωνιστικότητα των επιχειρήσεων.\r\n\r\n            Τα διυλιστήρια, οι εταιρείες εμπορίας πετρελαιοειδών και τα πρατήρια μπορούν και διαμορφώνουν το περίπου\r\n            40% της τελικής τιμής των καυσίμων.\r\n\r\n            Κι εν πάση περιπτώσει, η Επιτροπή Ανταγωνισμού καλά κάνει και ασχολείται με τα θέματα του ανταγωνισμού\r\n            του κλάδου…\r\n\r\n            Ωστόσο, μήπως κάποιος να ασχοληθεί και με την κρατική κερδοσκοπία στη βενζίνη και το ντίζελ;\r\n\r\n            Και αυτός δεν είναι άλλος από την κυβέρνηση.\r\n\r\n            Μήπως είναι η ώρα να μειωθούν οι φόροι;', 'https://www.in.gr/wp-content/uploads/2022/12/kaysima-2.jpg', 'https://www.in.gr/2022/12/06/apopsi/kratiki-kerdoskopia-sta-kaysima/'),
(6, '2023-03-25', 'Αυτά είναι τα βενζινάδικα με νοθευμένα καύσιμα!', 'Η Περιφέρεια Αττικής δημοσιοποιεί τα πρατήρια υγρών καυσίμων στα οποία έχει επιβάλλει πρόστιμα για μη Κανονική αμόλυβδη βενζίνη και diesel κίνησης.\r\n«Βροχή» πέφτουν τα πρόστιμα τους τελευταίους μήνες από την Περιφέρεια Αττικής στα πρατήρια υγρών καυσίμων στα οποία διαπιστωμένα έχουν βρεθεί νοθευμένη αμόλυβδη βενζίνη ή diesel κίνησης.\r\n\r\nΜάλιστα εκτός του ύψους του προστίμου που έχει επιβληθεί από τους ελεγκτές της Περιφέρεια Αττικής έχουν δημοσιοποιηθεί αναλυτικά οι λόγοι και οι αιτίες επιβολής του προστίμου αλλά και τα πλήρη στοιχεία των πρατηρίων υγρών καυσίμων στα οποία διαπιστώθηκαν οι παραβάσεις.\r\n\r\nΟι καταναλωτές πολύ εύκολα μπορούν να αναζητήσουν στην ιστοσελίδα της Περιφέρειας Αττικής τα πρόστιμα που έχουν επιβληθεί στην Ενότητα «Ανακοινώσεις» και κατόπιν να επιλέξουν την Υποενότητα «Διοικητικά Πρόστιμα».\r\nΠρόστιμο 5.000 ευρώ για μη κανονικό δείγμα αμόλυβδης βενζίνης\r\n\r\nΣύμφωνα με το υπ.αρ.οικ.(…) έγγραφο, το Τμήμα Εμπορίου ΠΕ Νοτίου Τομέα Αθηνών επιβάλλει πρόστιμο 5.000 ευρώ, βάσει του άρθρου 1 παρ.8.1ιι του ΦΕΚ 1039/7-7-10 Τεύχος Δεύτερο / Αποφ. Δ19/Φ11/οικ13098/1156 «Κατηγορίες Παραβάσεων Ν. 3054/2002 (ΦΕΚ 230 Α) Όρια προστίμου ανά κατηγορία και άλλα σχετικά ζητήματα – Σφράγιση εγκαταστάσεων» σε συνδυασμό με τα άρθρα 20 και 24 του Ν.4177/13(ΦΕΚ 173/8-8-2013) σε Πρατήριο Υγρών Καυσίμων (…) στην Αργυρούπολη διότι κατόπιν ελέγχου και δειγματοληψίας διαπιστωμένης από το Γενικό Χημείο του Κράτους, το δείγμα Βενζίνη Αμόλυβδη 95 Ron ήταν Μη Κανονικό διότι περιέχει τον Ιχνηθέτη Κινιζαρίνη σε συγκέντρωση 2,2 mg/l αντί της προβλεπόμενης 3,0 mg/l. Δεν επιτρέπεται η διάθεση του προϊόντος ως Καύσιμο στην Ελληνική Αγορά.»\r\nΠρόστιμο 5.000 ευρώ για μη κανονικό καύσιμο\r\n\r\nΜε την υπ. Αρ. (…) Απόφαση της Διεύθυνσης Ανάπτυξης Π.Ε. Βόρειου Τομέα Αθηνών της Περιφέρειας Αττικής, επεβλήθη πρόστιμο 5.000 ευρώ, σύμφωνα με το Άρθρο 20 παρ. 5 του ν.4177/13 και του άρθρου 1 παρ. 8.1 εδάφιο ii της Υπουργικής Απόφασης Δ19/Φ11/οικ.13098/1156/7.7.2010 σχετικά με τις “Κατηγορίες παραβάσεων του ν.3054/2002”, στην εταιρεία πετρελαιοειδών με έδρα στο Χαλάνδρι διότι σε δειγματοληψία που διενήργησε κλιμάκιο της Γενικής Διεύθυνσης Τελωνείων & Ε.Φ.Κ. της Α.Α.Δ.Ε. βρέθηκε Μη Κανονικό πετρέλαιο κίνησης διότι είχε σημείο ανάφλεξης μικρότερο των 40,0οC αντί του ελαχίστου επιτρεπόμενου 55,0οC για το συγκεκριμένο καύσιμο. Δεν παραδόθηκε δείγμα βυτιοφόρου. Τα παραπάνω αποτελούν παράβαση και επιβάλλεται στο πρατήριο διακίνησης, διοικητικό πρόστιμο 5.000 ευρώ.»\r\n\r\nΠρόστιμο 18.584 ευρώ για νοθεία diesel κίνησης με θέρμανσης\r\n\r\nΜε την υπ. αρ. 19/07-01-2022 απόφαση της Δ/νσης Ανάπτυξης Π.Ε. Κεντρικού Τομέα Αθηνών της Περιφέρειας Αττικής, επεβλήθη πρόστιμο 18.584 ευρώ, σύμφωνα με την παράγραφο 6 του άρθρου 19, την  παρ.5 του άρθρου 20, την παρ.1 του άρθρου 22 και σύμφωνα με την παρ.1 του άρθρου 24 Ν.4177/13 (ΦΕΚ 173/8-8-2013, σε  συνδυασμό με την Y.A. Δ19/Φ.11/οικ.13098/1156/7.7.2010 (Β΄1039) άρθρο 1 παρ.8.1α , στην εταιρεία που διατηρεί πρατήριο υγρών καυσίμων στη Ν. Φιλαδέλφεια, επειδή, μετά από δειγματοληψία που διενεργήθηκε από υπαλλήλους της  Γενικής Διεύθυνσης Τελωνείων & Ε.Φ.Κ. (Tελωνείο Αθηνών) στο ανωτέρω πρατήριο υγρών καυσίμων, βρέθηκε, ανάμεσα στα άλλα,  ότι  το εξετασθέν κατ’ έφεση δείγμα πετρελαίου κίνησης που ελήφθη από την παλετοδεξαμενή του πρατηρίου ήταν Μη Κανονικό – Νοθευμένο με πετρέλαιο θέρμανσης σε ποσοστό 1,4 % περίπου, διότι: 1) περιείχε θείο σε ποσοστό 24,8 % mg/kg αντί του ανώτατου επιτρεπόμενου ορίου 10 mg/kg για το πετρέλαιο κίνησης και 2) ανιχνεύθηκε ο ιχνηθέτης (για το πετρέλαιο θέρμανσης) euromarker /(SOLVENT YELLOW  124) αντί  πλήρους απουσίας.»\r\nΠρόστιμο 5.000 ευρώ για μη παράδοση δείγματος καυσίμου από το βυριοφόρο\r\n\r\nΜε την με αριθ. (…) Απόφαση της Διεύθυνσης Ανάπτυξης Π.Ε. Βόρειου Τομέα Αθηνών της Περιφέρειας Αττικής, επιβλήθηκε πρόστιμο ποσού 5.000 ευρώ στην εταιρεία εμπορίας Πετρελαιοειδών με έδρα στο Μαρούσι, για παράβαση των διατάξεων της Υ.Α. με αριθ. 91354/2017 Υπουργικής Απόφασης (Κανόνες ΔΙ.Ε.Π.Π.Υ.), διότι κατά την διενέργεια δειγματοληψίας καυσίμων από κλιμάκιο της Υπηρεσίας στο υποκατάστημα της εταιρείας (πρατήριο υγρών καυσίμων) στην Αγία Παρασκευή, δεν παραδόθηκε το δείγμα βυτιοφόρου για το είδος αμόλυβδη βενζίνη 98 ron που σχηματίζεται σύμφωνα με το άρθρο 99 της ανωτέρω Υ.Α., κατά παράβαση του άρθρου 102§1 των κανόνων ΔΙ.Ε.Π.Π.Υ., που τιμωρείται σύμφωνα με το άρθρο 102 παρ. 5 της ίδιας Υπουργικής Απόφασης.»\r\n\r\nΕπιβολή προστίμου 30.000 ευρώ για μη κανονικό – νοθευμένο πετρέλαιο κίνησης\r\n\r\n«Με την υπ. αρ. (…) απόφαση της Δ/νσης Ανάπτυξης Π.Ε. Κεντρικού Τομέα Αθηνών της Περιφέρειας Αττικής, επεβλήθη πρόστιμο  30.000 ευρώ, σύμφωνα με την παράγραφο 6 του άρθρου 19, παρ.5 του άρθρου 20,  παρ.1 του άρθρου 22 και σύμφωνα με την παρ.1 του άρθρου 24 Ν.4177/13 (ΦΕΚ 173/8-8-2013, σε  συνδυασμό  με  την Y.A.  Δ19/Φ.11/οικ.13098/1156/7.7.2010 (Β΄1039) άρθρο 1 παρ.8.1β, στην εταιρεία «…», που διατηρεί πρατήριο υγρών καυσίμων στη Ν. Φιλαδέλφεια, επειδή  μετά από δειγματοληψία που διενεργήθηκε από υπαλλήλους της Γενικής Διεύθυνσης  Τελωνείων & Ε.Φ.Κ. (Tελωνείο Αθηνών) στο ανωτέρω πρατήριο υγρών καυσίμων και  στο προϊόν Πετρέλαιο Κίνησης, βρέθηκε, ανάμεσα στα άλλα, και ότι  το εξετασθέν κατ’ έφεση δείγμα  πετρελαίου κίνησης που ελήφθη από δεξαμενή του βυτιοφόρου του πρατηρίου ήταν Μη Κανονικό -Νοθευμένο με άλλα πετρελαϊκά προϊόντα υψηλής περιεκτικότητας σε θείο σε ποσοστό περίπου  1,2%, διότι περιείχε θείο σε περιεκτικότητα 21,7 mg/kg αντί του μεγίστου επιτρεπόμενου ορίου 10 mg/kg για το πετρέλαιο κίνησης  (έκθεση κατ’ έφεση εξέτασης δείγματος της  Χημικής Υπηρεσίας Πειραιά –Τμήμα Β΄), κατά παράβαση του άρθρου 20 παρ.5 του Ν.4177/13.»', 'https://www.newsauto.gr/wp-content/uploads/webp/2016/12/kaysima8586.webp', 'https://www.newsauto.gr/offers/afta-ine-ta-venzinadika-me-nothevmena-kafsima/'),
(7, '2023-02-01', 'Ρόδος: Έκλεψε ενοικιαζόμενο αυτοκίνητο, του έβαλε βενζίνη και έκανε βόλτες', 'Ο επεισοδιακός εντοπισμός του στην άλλη άκρη του νησιού.\r\nΈνας άνδρας έκλεψε ενοικιαζόμενο αυτοκίνητο, του έβαλε βενζίνη και έκανε βόλτες στη Ρόδο.\r\n\r\nΣε βίντεο από κάμερα ασφαλείας φαίνεται ένας άνδρας σε βενζινάδικο, που είχε και ενοικιαζόμενα αυτοκίνητα, να παρατηρεί ότι ένα από τα ενοικιαζόμενα έχει μέσα το κλειδί του, τα ξημερώματα της Κυριακής.Αρχικά, πηγαίνει στο κόκκινο όχημα, καταλαβαίνει ότι είναι κλειδωμένο και στη συνέχεια πάει στο δεύτερο. Ανοίγει την πόρτα, μπαίνει μέσα και φεύγει σαν να μην έγινε τίποτα.Ο δράστης δεν εντοπίστηκε αμέσως από τους αστυνομικούς, αλλά από διερχόμενους πολίτες στην άλλη άκρη του νησιού στην περιοχή Πρασονήσι.\r\n\r\nΟι ιδιοκτήτες της οικογενειακής επιχείρησης δημοσίευσαν το βίντεο σε κοινωνικά δίκτυα με το χρώμα και τον αριθμό κυκλοφορίας του αυτοκινήτου.\r\n\r\nΠολίτες το είδαν να κινείται νότια της Ρόδου και ενημέρωσαν τους ιδιοκτήτες. Μάλιστα, τον ακολούθησαν με δικό τους όχημα και κάλεσαν τον ιδιοκτήτη του οχήματος.\r\nΕνημερώνουν τους αστυνομικούς και το απόγευμα της ίδιας ημέρας τον συλλαμβάνουν. Το περίεργο ήταν ότι ο διαρρήκτης είχε φροντίσει να βάλει και βενζίνη στο όχημα για να κάνει βόλτες όπως αναφέρουν στο debater.gr οι ιδιοκτήτες. Ο δράστης καταδικάστηκε με τρία χρόνια φυλάκισης.', 'https://www.alfavita.gr/sites/default/files/styles/default/public/2023-02/autokiniito.jpg?itok=ufKAgQBK', 'https://www.alfavita.gr/koinonia/406804_rodos-eklepse-enoikiazomeno-aytokinito-toy-ebale-benzini-kai-ekane-boltes-video'),
(8, '2023-01-30', 'Άδωνις Γεωργιάδης: Δεν τίθεται ζήτημα για νέο Fuel Pass', 'Fuel Pass : Δεν τίθεται ζήτημα για νέα επιδότηση – Τι είπε ο Άδωνις Γεωργιάδης.«Όχι» στο ενδεχόμενο για νέα έκτακτη οικονομική ενίσχυση Fuel Pass είπε το πρωί της Δευτέρας (30/1) υπουργός Ανάπτυξης και Επενδύσεων, Άδωνις Γεωργιάδης.Ο Άδωνις Γεωργιάδης επισήμανε στην ΕΡΤ πως «όλες οι αποθήκες καυσίμων στην Ευρώπη είναι γεμάτες».\r\n«Αυτή την στιγμή δεν τίθεται τέτοιο ζήτημα για το Fuel Pass. Οι τιμές στα καύσιμα αυτή την στιγμή παραμένουν πολύ χαμηλότερες» δήλωσε και πρόσθεσε πως το πετρέλαιο θέρμανσης είναι χαμηλότερο τώρα από όταν ξεκίνησε η διάθεσή του.«Τώρα που το πετρέλαιο θέρμανσης είναι στο 1,30 ευρώ είναι χαμηλότερο από ότι ξεκίνησε, παρόλο που οι καταναλωτές τις προηγούμενες εβδομάδες το προμηθεύοντας στο 1,10 ευρώ το λίτρο» σημείωσε.\r\n\r\n«Είναι παράλογο κάποιος να περιμένει να προμηθευτεί πετρέλαιο τον Φεβρουάριο, όταν μπορούσε να το κάνει τους προηγούμενους μήνες» είπε ο Άδωνις Γεωργιάδης σημειώνοντας ότι αυτή την στιγμή δεν μπορεί να γίνει κάποια πρόβλεψη.\r\n\r\n«Αυτή την στιγμή η γενική εικόνα των διεθνών αγορών δεν είναι εικόνα πανικού», πρόσθεσε ο υπουργός Ανάπτυξης γεγονός στο οποίο βοήθησε ο σχετικά ήπιος χειμώνας στην Ευρώπη.«Έχουμε περάσει το μισό χειμώνα. Η κατανάλωση των καυσίμων ήταν τελικά μικρότερη από αυτή που είχαν προϋπολογίσει όλες οι χώρες. Όλες οι αποθήκες καυσίμων στις ευρωπαϊκές χώρες είναι γεμάτες και δεν υπάρχει εκβιασμός από τις αγορές» ανέφερε κλείνοντας και εκτίμησε ότι οι τιμές το επόμενο διάστημα θα υποχωρήσουν.\r\n', 'https://www.alfavita.gr/sites/default/files/styles/default/public/2022-05/venzini-epidoma-petrelaio.jpg?itok=VEBI8TXb', 'https://www.alfavita.gr/politiki/406318_adonis-georgiadis-den-tithetai-zitima-gia-neo-fuel-pass'),
(10, '2022-06-07', 'Μέτρα στήριξης: Έρχεται επιδότηση στην αντλία και για τη βενζίνη – Πότε οι ανακοινώσεις', 'Θέμα ημερών είναι η ανακοίνωση νέων μέτρων στήριξης, που αυτή την φορά θα σχετίζεται αποκλειστικά με τις τιμές των καυσίμων. Στην κυβέρνηση πλέον το επιβεβαιώνουν αρμόδιοι και μη υπουργοί και όλες οι ενδείξεις συγκλίνουν ότι έχει προκριθεί η λύση της άμεσης επιδότησης στην αντλία και για την βενζίνη, όπως δηλαδή συμβαίνει από τις αρχές Απριλίου για το diesel κίνησης. Σύμφωνα με πληροφορίες που επικαλείται το imerisia.gr, έχει ήδη βρεθεί η αναγκαίος δημοσιονομικός χώρας, που είναι της τάξεως των 800 εκατ. ευρώ. Αυτός έχει δημιουργηθεί από την θετική πορεία που είχαν τα δημόσια έσοδα τον Μάιο, αλλά και η πορεία του τουρισμού που σε κάποιες περιπτώσεις φαίνεται να υπερβαίνουν ακόμη και αυτή του 2019, που είχε δημιουργηθεί το απόλυτο ρεκόρ.\r\n\r\nΥπενθυμίζεται πως η μέση πανελλαδική τιμή της απλής αμόλυβδης έχει ξεπεράσει τα 2,3 ευρώ το λίτρο και οδεύει προς τα 2,4 ευρώ, ενώ μέσα στο επόμενο διάστημα, παράγοντες της αγοράς εκτιμούν ότι θα φθάσει τα 2,5 ευρώ.\r\n\r\n«Θα βρεθεί δημοσιονομικός χώρος»\r\nΟ υπουργός Οικονομικών Χρήστος Σταϊκούρας, σε πρόσφατες δηλώσεις, αν και τόνισε ότι δεν έχουν ληφθεί οριστικές αποφάσεις για νέα παρέμβαση, εντούτοις εμφανίστηκε αισιόδοξος ότι μπορεί να δημιουργηθεί επιπλέον δημοσιονομικός χώρος, που θα επιστραφεί στην κοινωνία ώστε να αμβλύνει τις συνέπειες που προκαλεί ο πληθωρισμός και οι αυξημένες τιμές στην ενέργεια και βέβαια στα καύσιμα. Newsroom\r\nNewsroom\r\nΜέτρα στήριξης: Έρχεται επιδότηση στην αντλία και για τη βενζίνη – Πότε οι ανακοινώσεις\r\nεπόμενο άρθροnext-article\r\nIntime newsIntime news\r\nΘέμα ημερών είναι η ανακοίνωση νέων μέτρων στήριξης, που αυτή την φορά θα σχετίζεται αποκλειστικά με τις τιμές των καυσίμων. Στην κυβέρνηση πλέον το επιβεβαιώνουν αρμόδιοι και μη υπουργοί και όλες οι ενδείξεις συγκλίνουν ότι έχει προκριθεί η λύση της άμεσης επιδότησης στην αντλία και για την βενζίνη, όπως δηλαδή συμβαίνει από τις αρχές Απριλίου για το diesel κίνησης.\r\n\r\nΕπίδομα βενζίνης: Από πού θα βρεθούν τα έσοδα\r\n \r\n\r\nΣύμφωνα με πληροφορίες που επικαλείται το imerisia.gr, έχει ήδη βρεθεί η αναγκαίος δημοσιονομικός χώρας, που είναι της τάξεως των 800 εκατ. ευρώ. Αυτός έχει δημιουργηθεί από την θετική πορεία που είχαν τα δημόσια έσοδα τον Μάιο, αλλά και η πορεία του τουρισμού που σε κάποιες περιπτώσεις φαίνεται να υπερβαίνουν ακόμη και αυτή του 2019, που είχε δημιουργηθεί το απόλυτο ρεκόρ.\r\n\r\nΥπενθυμίζεται πως η μέση πανελλαδική τιμή της απλής αμόλυβδης έχει ξεπεράσει τα 2,3 ευρώ το λίτρο και οδεύει προς τα 2,4 ευρώ, ενώ μέσα στο επόμενο διάστημα, παράγοντες της αγοράς εκτιμούν ότι θα φθάσει τα 2,5 ευρώ.\r\n\r\n«Θα βρεθεί δημοσιονομικός χώρος»\r\nΟ υπουργός Οικονομικών Χρήστος Σταϊκούρας, σε πρόσφατες δηλώσεις, αν και τόνισε ότι δεν έχουν ληφθεί οριστικές αποφάσεις για νέα παρέμβαση, εντούτοις εμφανίστηκε αισιόδοξος ότι μπορεί να δημιουργηθεί επιπλέον δημοσιονομικός χώρος, που θα επιστραφεί στην κοινωνία ώστε να αμβλύνει τις συνέπειες που προκαλεί ο πληθωρισμός και οι αυξημένες τιμές στην ενέργεια και βέβαια στα καύσιμα.\r\n\r\n\r\nΣυγκεκριμένα ο υπουργός έχει τονίσει «είμαι αισιόδοξος ότι και πάλι θα βρούμε δημοσιονομικό χώρο, όπως προκύπτει και από την εκτέλεση του προϋπολογισμού για μέτρα στήριξης νοικοκυριών και επιχειρήσεων».\r\n\r\nΟ επιπλέον δημοσιονομικός χώρος εκτιμάται ότι μπορεί να προέλθει από δύο βασικές πηγές, οι οποίες και αλληλοσυμπληρώνει η μία την άλλη.\r\n\r\nΗ πρώτη αφορά την πορεία των δημοσίων εσόδων. Ήδη στο πρώτο 4μηνο του έτους (Ιανουάριος – Απρίλιος) έχει υπάρξει υπέρβαση του στόχου που είναι πάνω από 1,7 δις ευρώ. Βέβαια το μεγαλύτερο μέρος αυτής της υπέρβασης έχει ήδη ξοδευτεί, αφού το πακέτο το ρεύμα που μπαίνει άμεσα σε εφαρμογή είναι της τάξεως του 3,2 δις ευρώ. Πληροφορίες αναφέρουν ότι και τον Μάιο τα έσοδα  κινήθηκαν αρκετά πάνω από τον στόχο. Intime newsIntime news\r\nΘέμα ημερών είναι η ανακοίνωση νέων μέτρων στήριξης, που αυτή την φορά θα σχετίζεται αποκλειστικά με τις τιμές των καυσίμων. Στην κυβέρνηση πλέον το επιβεβαιώνουν αρμόδιοι και μη υπουργοί και όλες οι ενδείξεις συγκλίνουν ότι έχει προκριθεί η λύση της άμεσης επιδότησης στην αντλία και για την βενζίνη, όπως δηλαδή συμβαίνει από τις αρχές Απριλίου για το diesel κίνησης.\r\n\r\nΕπίδομα βενζίνης: Από πού θα βρεθούν τα έσοδα\r\n \r\n\r\nΣύμφωνα με πληροφορίες που επικαλείται το imerisia.gr, έχει ήδη βρεθεί η αναγκαίος δημοσιονομικός χώρας, που είναι της τάξεως των 800 εκατ. ευρώ. Αυτός έχει δημιουργηθεί από την θετική πορεία που είχαν τα δημόσια έσοδα τον Μάιο, αλλά και η πορεία του τουρισμού που σε κάποιες περιπτώσεις φαίνεται να υπερβαίνουν ακόμη και αυτή του 2019, που είχε δημιουργηθεί το απόλυτο ρεκόρ.\r\n\r\nΥπενθυμίζεται πως η μέση πανελλαδική τιμή της απλής αμόλυβδης έχει ξεπεράσει τα 2,3 ευρώ το λίτρο και οδεύει προς τα 2,4 ευρώ, ενώ μέσα στο επόμενο διάστημα, παράγοντες της αγοράς εκτιμούν ότι θα φθάσει τα 2,5 ευρώ.\r\n\r\n«Θα βρεθεί δημοσιονομικός χώρος»\r\nΟ υπουργός Οικονομικών Χρήστος Σταϊκούρας, σε πρόσφατες δηλώσεις, αν και τόνισε ότι δεν έχουν ληφθεί οριστικές αποφάσεις για νέα παρέμβαση, εντούτοις εμφανίστηκε αισιόδοξος ότι μπορεί να δημιουργηθεί επιπλέον δημοσιονομικός χώρος, που θα επιστραφεί στην κοινωνία ώστε να αμβλύνει τις συνέπειες που προκαλεί ο πληθωρισμός και οι αυξημένες τιμές στην ενέργεια και βέβαια στα καύσιμα.\r\n\r\n\r\nΣυγκεκριμένα ο υπουργός έχει τονίσει «είμαι αισιόδοξος ότι και πάλι θα βρούμε δημοσιονομικό χώρο, όπως προκύπτει και από την εκτέλεση του προϋπολογισμού για μέτρα στήριξης νοικοκυριών και επιχειρήσεων».\r\n\r\nΟ επιπλέον δημοσιονομικός χώρος εκτιμάται ότι μπορεί να προέλθει από δύο βασικές πηγές, οι οποίες και αλληλοσυμπληρώνει η μία την άλλη.\r\n\r\nΗ πρώτη αφορά την πορεία των δημοσίων εσόδων. Ήδη στο πρώτο 4μηνο του έτους (Ιανουάριος – Απρίλιος) έχει υπάρξει υπέρβαση του στόχου που είναι πάνω από 1,7 δις ευρώ. Βέβαια το μεγαλύτερο μέρος αυτής της υπέρβασης έχει ήδη ξοδευτεί, αφού το πακέτο το ρεύμα που μπαίνει άμεσα σε εφαρμογή είναι της τάξεως του 3,2 δις ευρώ. Πληροφορίες αναφέρουν ότι και τον Μάιο τα έσοδα κινήθηκαν αρκετά πάνω από τον στόχο.\r\n\r\nΌλα τα παραπάνω διευκολύνουν την κυβέρνηση στην λήψη αποφάσεων για τα καύσιμα, ώστε να δοθεί μία πραγματική ανάσα στα νοικοκυριά και τις επιχειρήσεις. Το περίγραμμα της νέας παρέμβασης δεν έχει ακόμη αποτυπωθεί πλήρως, ωστόσο το επικρατέστερο σενάριο είναι το μοντέλο παρέμβασης στο diesel κίνησης να επεκταθεί και στην βενζίνη και μάλιστα με υψηλότερα ποσά ανά λίτρο.', 'https://wp.ethnos.gr/webpHandler/875/4dedcee1-8860-460d-a5a5-fa9d93b14c2b.webp', 'https://www.ethnos.gr/Economy/article/211140/metrasthrixhserxetaiepidothshsthnantliakaigiathbenzinhpoteoianakoinoseis'),
(11, '2023-03-08', 'Η Γερμανία φρενάρει την απαγόρευση diesel και βενζίνης από το 2035 - Ποιες χώρες στηρίζουν το «μπλόκο»', 'Την ώρα που το ευρωπαϊκό Κοινοβούλιο ενέκρινε ένα νέο νόμο που απαγορεύει την πώληση βενζινοκίνητων και πετρελαιοκίνητων αυτοκινήτων από το 2035, η Γερμανία - έδρα μεγάλων αυτοκινητοβιομηχανιών- ζήτησε από την Ευρωπαϊκή Επιτροπή να επιτρέψει την κυκλοφορία κινητήρων εσωτερικής καύσης που χρησιμοποιούν κλιματικά ουδέτερα καύσιμα ή ηλεκτροκίνηση μετά το 2035. Τη Δευτέρα ο υφυπουργός Μεταφορών της χώρας Michael Theurer δήλωσε ότι η Επιτροπή θα πρέπει να υποβάλει «πρόταση [σχετικά με] τον τρόπο με τον οποίο μπορούν να χρησιμοποιηθούν τα ηλεκτρονικά καύσιμα ή πώς μπορούν να οργανωθούν οι κινητήρες εσωτερικής καύσης που λειτουργούν με κλιματικά ουδέτερα καύσιμα».\r\n\r\nΠρόσθεσε ότι τα ηλεκτρικά οχήματα είναι ο «δρόμος προς τα εμπρός», αλλά πιστεύει ότι θα πρέπει να υποστηριχθούν και άλλες τεχνολογίες μηδενικών εκπομπών.\r\n\r\nΤα ηλεκτρικά καύσιμα κατασκευάζονται με υλικά που δεσμεύουν τις εκπομπές CO2, γεγονός που θεωρητικά εξισορροπεί τον άνθρακα που παράγουν όταν καίγονται. Αναπτύσσονται έτσι ώστε να μπορούν να εξακολουθούν να χρησιμοποιούνται τροποποιημένες εκδόσεις των κινητήρων εσωτερικής καύσης. Η Γερμανία συνεργάζεται με τη Γαλλία και την Ιταλία για να επιβραδύνει το ρυθμό των νέων νόμων για τη μείωση των εκπομπών των αυτοκινήτων και των φορτηγών.\r\n\r\nΟ νέος κανόνας\r\nΟ νέος κανόνας - μέρος μιας ευρύτερης προσπάθειας για την καταπολέμηση της κλιματικής αλλαγής στην ΕΕ - θα επιταχύνει τη μετάβαση του μπλοκ στα ηλεκτρικά οχήματα. Τα αυτοκίνητα αντιπροσωπεύουν σήμερα περίπου το 15 τοις εκατό όλων των εκπομπών CO2 στην ΕΕ.\r\n\r\nΗ νομοθεσία απαιτεί από τους κατασκευαστές αυτοκινήτων να μειώσουν τις εκπομπές διοξειδίου του άνθρακα από τα νέα αυτοκίνητα κατά 100 τοις εκατό. Στην πράξη, αυτό σημαίνει ότι κανένα νέο όχημα που κινείται με ορυκτά καύσιμα δεν θα μπορεί να πωλείται από το 2035 και μετά. Newsroom\r\nNewsroom\r\nΗ Γερμανία φρενάρει την απαγόρευση diesel και βενζίνης από το 2035 - Ποιες χώρες στηρίζουν το «μπλόκο»\r\nεπόμενο άρθροnext-article\r\nΗλεκτρικό αυτοκίνητο / UnsplashΗλεκτρικό αυτοκίνητο / Unsplash\r\nΤην ώρα που το ευρωπαϊκό Κοινοβούλιο ενέκρινε ένα νέο νόμο που απαγορεύει την πώληση βενζινοκίνητων και πετρελαιοκίνητων αυτοκινήτων από το 2035, η Γερμανία - έδρα μεγάλων αυτοκινητοβιομηχανιών- ζήτησε από την Ευρωπαϊκή Επιτροπή να επιτρέψει την κυκλοφορία κινητήρων εσωτερικής καύσης που χρησιμοποιούν κλιματικά ουδέτερα καύσιμα ή ηλεκτροκίνηση μετά το 2035.\r\n\r\n \r\nΤη Δευτέρα ο υφυπουργός Μεταφορών της χώρας Michael Theurer δήλωσε ότι η Επιτροπή θα πρέπει να υποβάλει «πρόταση [σχετικά με] τον τρόπο με τον οποίο μπορούν να χρησιμοποιηθούν τα ηλεκτρονικά καύσιμα ή πώς μπορούν να οργανωθούν οι κινητήρες εσωτερικής καύσης που λειτουργούν με κλιματικά ουδέτερα καύσιμα».\r\n\r\nΠρόσθεσε ότι τα ηλεκτρικά οχήματα είναι ο «δρόμος προς τα εμπρός», αλλά πιστεύει ότι θα πρέπει να υποστηριχθούν και άλλες τεχνολογίες μηδενικών εκπομπών.\r\n\r\nΤα ηλεκτρικά καύσιμα κατασκευάζονται με υλικά που δεσμεύουν τις εκπομπές CO2, γεγονός που θεωρητικά εξισορροπεί τον άνθρακα που παράγουν όταν καίγονται. Αναπτύσσονται έτσι ώστε να μπορούν να εξακολουθούν να χρησιμοποιούνται τροποποιημένες εκδόσεις των κινητήρων εσωτερικής καύσης.\r\n\r\nADVERTISING\r\n\r\n\r\nΗ Γερμανία συνεργάζεται με τη Γαλλία και την Ιταλία για να επιβραδύνει το ρυθμό των νέων νόμων για τη μείωση των εκπομπών των αυτοκινήτων και των φορτηγών.\r\n\r\nΟ νέος κανόνας\r\nΟ νέος κανόνας - μέρος μιας ευρύτερης προσπάθειας για την καταπολέμηση της κλιματικής αλλαγής στην ΕΕ - θα επιταχύνει τη μετάβαση του μπλοκ στα ηλεκτρικά οχήματα. Τα αυτοκίνητα αντιπροσωπεύουν σήμερα περίπου το 15 τοις εκατό όλων των εκπομπών CO2 στην ΕΕ.\r\n\r\nΗ νομοθεσία απαιτεί από τους κατασκευαστές αυτοκινήτων να μειώσουν τις εκπομπές διοξειδίου του άνθρακα από τα νέα αυτοκίνητα κατά 100 τοις εκατό. Στην πράξη, αυτό σημαίνει ότι κανένα νέο όχημα που κινείται με ορυκτά καύσιμα δεν θα μπορεί να πωλείται από το 2035 και μετά.\r\n\r\n \r\n\r\nΗ έγκριση την Τρίτη είναι ένα βήμα πριν ο νόμος λάβει την επίσημη σφραγίδα και τεθεί σε ισχύ. Ωστόσο, οι παραπάνω χώρες αντιδρούν στην αλλαγή.', 'https://wp.ethnos.gr/webpHandler/875/a7812a5a-381c-451a-a825-1dfd9b76da2e.webp', 'https://www.ethnos.gr/auto/article/250262/hgermaniafrenareithnapagoreyshdieselkaibenzinhsapoto2035poiesxoressthrizoyntomploko');

-- --------------------------------------------------------

--
-- Table structure for table `fuel`
--

CREATE TABLE `fuel` (
  `id` int(11) NOT NULL,
  `type` varchar(30) DEFAULT NULL
) ENGINE=InnoDB DEFAULT CHARSET=utf8mb4 COLLATE=utf8mb4_general_ci;

--
-- Dumping data for table `fuel`
--

INSERT INTO `fuel` (`id`, `type`) VALUES
(1, 'Αμόλυβδη Βενζίνη 95'),
(2, 'Αμόλυβδη Βενζίνη 98'),
(3, 'Αμόλυβδη Βενζίνη 100'),
(4, 'Πετρέλαιο Κίνησης'),
(5, 'Πετρέλαιο Θέρμανσης'),
(6, 'Αέριο Κίνησης');

-- --------------------------------------------------------

--
-- Table structure for table `municipality`
--

CREATE TABLE `municipality` (
  `id` int(11) NOT NULL,
  `prefecture_id` int(11) DEFAULT NULL,
  `name` varchar(30) DEFAULT NULL
) ENGINE=InnoDB DEFAULT CHARSET=utf8mb4 COLLATE=utf8mb4_general_ci;

--
-- Dumping data for table `municipality`
--

INSERT INTO `municipality` (`id`, `prefecture_id`, `name`) VALUES
(1, 1, 'Αγίας Βαρβάρας'),
(2, 1, 'Αγίου Δημητρίου'),
(3, 1, 'Αθηναίων'),
(4, 1, 'Αιγάλεω'),
(5, 1, 'Αίγινας'),
(6, 1, 'Αχαρνών'),
(7, 1, 'Γλυφάδας'),
(8, 1, 'Ελευσίνας'),
(9, 1, 'Ζωγράφου'),
(10, 1, 'Καλλιθέας'),
(11, 1, 'Κηφισιάς'),
(12, 1, 'Κορυδαλλού'),
(13, 1, 'Νέας Ιωνίας'),
(14, 1, 'Νέας Σμύρνης'),
(15, 1, 'Παλαιού Φαλήρου'),
(16, 1, 'Παλλήνης'),
(17, 1, 'Παπάγου'),
(18, 1, 'Πεντέλης'),
(19, 1, 'Περάματος'),
(20, 1, 'Περιστερίου'),
(21, 1, 'Σαλαμίνας'),
(22, 1, 'Φιλοθέης-Ψυχικού'),
(23, 1, 'Χαϊδαρίου'),
(24, 2, 'Αιγιαλείας'),
(25, 2, 'Δυτικής Αχαΐας'),
(26, 2, 'Ερυμάνθου'),
(27, 2, 'Καλαβρύτων'),
(28, 2, 'Πατρέων'),
(29, 3, 'Αμπελοκήπων-Μενεμένης'),
(30, 3, 'Βόλβης'),
(31, 3, 'Δέλτα'),
(32, 3, 'Θεσσαλονίκης'),
(33, 3, 'Καλαμαριάς'),
(34, 3, 'Λαγκαδά'),
(35, 3, 'Παύλου Μελά'),
(36, 4, 'Θάσου'),
(37, 4, 'Καβάλας'),
(38, 4, 'Νέστου'),
(39, 4, 'Παγγαίου'),
(40, 5, 'Ξυλοκάστρου-Ευρωστίνης'),
(41, 5, 'Νεμέας'),
(42, 5, 'Σικυωνίων'),
(43, 5, 'Κορινθίων'),
(44, 5, 'Λουτρακίου-Αγίων Θεοδώρων'),
(45, 6, 'Ελασσόνας'),
(46, 6, 'Λάρισας'),
(47, 6, 'Τυρνάβου'),
(48, 6, 'Τεμπών'),
(49, 6, 'Φαρσάλων'),
(50, 7, 'Καλαμπάκας'),
(51, 7, 'Πύλης'),
(52, 7, 'Τρικκαίων'),
(53, 7, 'Φαρκαδόνος'),
(54, 8, 'Αριστοτέλη'),
(55, 8, 'Κασσάνδρας'),
(56, 8, 'Νέας Προποντίδας'),
(57, 8, 'Πολύγυρου'),
(58, 8, 'Σιθωνίας');

-- --------------------------------------------------------

--
-- Table structure for table `offer`
--

CREATE TABLE `offer` (
  `id` int(11) NOT NULL,
  `user_id` int(11) DEFAULT NULL,
  `fuel_id` int(11) DEFAULT NULL,
  `date` date DEFAULT NULL,
  `price` decimal(3,2) DEFAULT NULL
) ENGINE=InnoDB DEFAULT CHARSET=utf8mb4 COLLATE=utf8mb4_general_ci;

--
-- Dumping data for table `offer`
--

INSERT INTO `offer` (`id`, `user_id`, `fuel_id`, `date`, `price`) VALUES
(48, 10, 1, '2023-06-08', '1.90'),
(49, 10, 2, '2023-06-08', '2.00'),
(61, 10, 6, '2023-07-06', '1.70'),
(63, 10, 4, '2023-07-07', '1.70'),
(66, 10, 5, '2023-06-09', '1.90'),
(67, 13, 1, '2023-04-08', '2.00'),
(68, 13, 2, '2023-03-25', '1.89'),
(69, 13, 6, '2023-04-08', '1.65'),
(70, 9, 1, '2023-04-01', '1.22'),
(71, 9, 3, '2023-04-08', '1.66'),
(72, 9, 6, '2023-04-08', '1.77'),
(73, 15, 1, '2023-04-30', '1.67'),
(74, 15, 2, '2023-05-25', '2.00'),
(75, 15, 3, '2023-04-27', '1.60'),
(76, 15, 4, '2023-04-08', '1.30'),
(77, 15, 5, '2023-04-14', '1.90'),
(78, 15, 6, '2023-04-08', '1.30'),
(79, 10, 3, '2023-06-29', '2.30');

-- --------------------------------------------------------

--
-- Table structure for table `prefecture`
--

CREATE TABLE `prefecture` (
  `id` int(11) NOT NULL,
  `name` varchar(30) DEFAULT NULL
) ENGINE=InnoDB DEFAULT CHARSET=utf8mb4 COLLATE=utf8mb4_general_ci;

--
-- Dumping data for table `prefecture`
--

INSERT INTO `prefecture` (`id`, `name`) VALUES
(1, 'Αττικής'),
(2, 'Αχαΐας'),
(3, 'Θεσσαλονίκης'),
(4, 'Καβάλας'),
(5, 'Κορινθίας'),
(6, 'Λάρισας'),
(7, 'Τρικάλων'),
(8, 'Χαλκιδικής');

-- --------------------------------------------------------

--
-- Table structure for table `user`
--

CREATE TABLE `user` (
  `id` int(11) NOT NULL,
  `name` varchar(30) NOT NULL,
  `vat` int(11) NOT NULL,
  `address` varchar(50) NOT NULL,
  `municipality` varchar(30) NOT NULL,
  `prefecture` varchar(30) NOT NULL,
  `email` varchar(30) DEFAULT NULL,
  `role` enum('user','admin') NOT NULL,
  `username` varchar(30) NOT NULL,
  `password` varchar(30) NOT NULL
) ENGINE=InnoDB DEFAULT CHARSET=utf8mb4 COLLATE=utf8mb4_general_ci;

--
-- Dumping data for table `user`
--

INSERT INTO `user` (`id`, `name`, `vat`, `address`, `municipality`, `prefecture`, `email`, `role`, `username`, `password`) VALUES
(1, 'Έμμα Παπαϊωάννου', 123456789, 'Ακτή Δυμαίων 123', 'Πατρέων', 'Αχαΐας', 'empap@outlook.com', 'admin', 'empap', '1234'),
(9, 'Νίκος Ανδρεόπουλος', 123456781, 'Αμυγδαλέων 12', 'Πατρέων', 'Αχαΐας', 'nikandre@hotmail.com', 'user', 'nikandre', '12345678A1'),
(10, 'Ευρυδίκη Παπαλάμπρου', 111122223, 'Πύρρου 23', 'Παπάγου', 'Αττικής', 'evrpap@gmail.com', 'user', 'evridiki', '12345678A1'),
(11, 'Φίλιππος Μαντζουράνης', 112233445, 'Φιλολάου 103', 'Γλυφάδας', 'Αττικής', 'fmantz@outlook.com', 'user', 'evridikifilip', '12345678A1'),
(12, 'Άγγελος-Νικόλαος Δημητρακόπουλ', 112234567, 'Υψηλάντου 25', 'Πατρέων', 'Αχαΐας', 'angdim@hotmail.com', 'user', 'angel', '12345678A1'),
(13, 'Pappas Gas Station Λ. Αθηνών', 126543897, 'Λεωφ. Αθηνών 110, Αθήνα 104 42', 'Αθηναίων', 'Αττικής', 'papagas@gmail.com', 'user', 'papagas', 'aaaaaaaaA1'),
(15, 'Παπαδάκης Μιχαήλ', 123123234, 'Ακτή Δυμαίων 10', 'Δυτικής Αχαΐας', 'Αχαΐας', 'papadmix@outlook.com', 'user', 'MixahlP', '12345678A');

--
-- Indexes for dumped tables
--

--
-- Indexes for table `announcement`
--
ALTER TABLE `announcement`
  ADD PRIMARY KEY (`id`);

--
-- Indexes for table `fuel`
--
ALTER TABLE `fuel`
  ADD PRIMARY KEY (`id`);

--
-- Indexes for table `municipality`
--
ALTER TABLE `municipality`
  ADD PRIMARY KEY (`id`),
  ADD KEY `prefecture_id` (`prefecture_id`);

--
-- Indexes for table `offer`
--
ALTER TABLE `offer`
  ADD PRIMARY KEY (`id`),
  ADD KEY `user_id` (`user_id`),
  ADD KEY `fuel_id` (`fuel_id`);

--
-- Indexes for table `prefecture`
--
ALTER TABLE `prefecture`
  ADD PRIMARY KEY (`id`);

--
-- Indexes for table `user`
--
ALTER TABLE `user`
  ADD PRIMARY KEY (`id`);

--
-- AUTO_INCREMENT for dumped tables
--

--
-- AUTO_INCREMENT for table `announcement`
--
ALTER TABLE `announcement`
  MODIFY `id` int(11) NOT NULL AUTO_INCREMENT, AUTO_INCREMENT=12;

--
-- AUTO_INCREMENT for table `fuel`
--
ALTER TABLE `fuel`
  MODIFY `id` int(11) NOT NULL AUTO_INCREMENT, AUTO_INCREMENT=7;

--
-- AUTO_INCREMENT for table `municipality`
--
ALTER TABLE `municipality`
  MODIFY `id` int(11) NOT NULL AUTO_INCREMENT, AUTO_INCREMENT=59;

--
-- AUTO_INCREMENT for table `offer`
--
ALTER TABLE `offer`
  MODIFY `id` int(11) NOT NULL AUTO_INCREMENT, AUTO_INCREMENT=80;

--
-- AUTO_INCREMENT for table `prefecture`
--
ALTER TABLE `prefecture`
  MODIFY `id` int(11) NOT NULL AUTO_INCREMENT, AUTO_INCREMENT=9;

--
-- AUTO_INCREMENT for table `user`
--
ALTER TABLE `user`
  MODIFY `id` int(11) NOT NULL AUTO_INCREMENT, AUTO_INCREMENT=16;

--
-- Constraints for dumped tables
--

--
-- Constraints for table `municipality`
--
ALTER TABLE `municipality`
  ADD CONSTRAINT `municipality_ibfk_1` FOREIGN KEY (`prefecture_id`) REFERENCES `prefecture` (`id`);

--
-- Constraints for table `offer`
--
ALTER TABLE `offer`
  ADD CONSTRAINT `offer_ibfk_1` FOREIGN KEY (`user_id`) REFERENCES `user` (`id`),
  ADD CONSTRAINT `offer_ibfk_2` FOREIGN KEY (`fuel_id`) REFERENCES `fuel` (`id`);
COMMIT;

/*!40101 SET CHARACTER_SET_CLIENT=@OLD_CHARACTER_SET_CLIENT */;
/*!40101 SET CHARACTER_SET_RESULTS=@OLD_CHARACTER_SET_RESULTS */;
/*!40101 SET COLLATION_CONNECTION=@OLD_COLLATION_CONNECTION */;
